Product name,Price (€),Category
Foot bath for sleep,31.7,Foot baths
Foot bath to warm the body - Nuan shen qu han zu yu bao,11.9,Foot baths
Foot bath for cycle disorders - Wen gong nuan jing zu yu bao,11.9,Foot baths
Foot bath for the vitality of men - Nan shi wen shen zu yu bao,11.9,Foot baths
Foot bath for postpartum recovery - Chan hou hui fu zu yu bao,11.9,Foot baths
Foot bath for circulation and joints - Shu jin huo luo zu yu bao,31.7,Foot baths
Foot bath for tone and slimming - Bu qi shou shen,31.7,Foot baths
Organic whole mallow flower,11.9,Bio
Organic whole caraway seeds,6.9,Bio
Angelica Roots Cut Bio,8.9,Bio
Organic purple coneflower cut aerial parts,7.9,Bio
Black Radish Roots Cut Bio,8.9,Bio
Organic whole black psyllium seeds,7.9,Bio
Organic whole linden bracts,17.9,Bio
Organic whole chaste tree fruits,7.9,Bio
Comfrey,7.9,Bio
Lavender flowers Bio - Xun yi cao,9.9,Bio
Common Thyme Leaves Bio,7.9,Bio
Elder Flowers Sifted Bio,8.9,Bio
Organic whole cornflower blossoms,12.9,Bio
Elder Berries Bio,7.9,Bio
Organic whole guarana seeds,11.9,Bio
Organic whole eucalyptus leaves,7.9,Bio
Winter Savory Leaves Bio,6.9,Bio
Peppermint Aerial Parts Cut Bio,7.9,Bio
Nettle Root Cut Bio,8.5,Bio
Organic whole green anise fruits,9.9,Bio
Horsetail Cut Bio,9.9,Bio
Oregano / Wild Marjoram Leaves Bio,7.9,Bio
Turmeric Roots Cut Bio,6.9,Bio
Organic whole bitter orange buds,13.9,Bio
Organic lemon verbena broken leaves,18.9,Bio
Artichoke leaves cut Bio,7.9,Bio
Organic blackcurrant fruits,9.9,Bio
Lime Tree Sapwood Cut Bio,8.9,Bio
Ceylon Cinnamon Powder Bio,7.9,Bio
Lemon Balm Leaves Cut Bio,9.9,Bio
Cranberry Seeds Cut Bio,5.9,Bio
Jasmine Flowers Bio,39.9,Bio
Coriander leaves cut Bio,8.9,Bio
Organic Milk Thistle Whole Seeds,6.9,Bio
Passionflower Cut Bio,8.9,Bio
Nettle Roots Cut Bio,7.9,Bio
Angelica Leaves Cut Bio,9.9,Bio
Chia seed bio,9.9,Bio
Marshmallow Roots Cut Bio - Racine de Guimauve,7.9,Bio
Hibiscus flowers cut Bio,7.9,Bio
Common Sage Leaves Cut Bio,7.9,Bio
Organic hawthorn flowering tops cut,7.9,Bio
Pumpkin Seeds Bio,8.9,Bio
Licorice sticks Bio,9.9,Bio
Organic cut eucalyptus leaf,7.9,Bio
Valerian Roots Cut Bio,8.9,Bio
Lemon Scented Thyme Leaves Bio,7.9,Bio
Mulberry Leaf Cut Bio,17.9,Bio
Reishi mushroom – Emperors’ Mushroom - Ling zhi,10.9,Mushroom
Almond mushroom - Ji song rong,12.8,Mushroom
Oyster mushroom - Ping gu,8.3,Mushroom
Nameko - Hua zi gu,9.8,Mushroom
Shaggy mane - Mao tou gui san,9.3,Mushroom
Snow fungus - Mu er (xue),10.7,Mushroom
King oyster mushroom - Xing bao gu,8.3,Mushroom
Judas' ear - Mu er (hei),10.9,Mushroom
Dictyophora - Zhu sun,4.9,Mushroom
Shiitake - Xiang gu,9.9,Mushroom
Maitake - Hui shu hua,10.4,Mushroom
Lion's Mane - Hou tou gu,11.9,Mushroom
Silver Ear Mushroom - Mu er (yin),10.9,Mushroom
Chanterelle - Ji you gu,9.8,Mushroom
Button mushroom - Mo gu,8.9,Mushroom
Golden oyster mushroom - Huang jin gu,8.9,Mushroom
Chaga - Bai hua rong,13.6,Mushroom
Morille du Yunnan: A Rare Treasure for Vitality and Immunity,7.4,Mushroom
Polypore Versicolor - Yun zhi,9.9,Mushroom
Congee with Sesames and Black beans - Wu hei yang fa zhou,89.0,Congees
Congee with Lotus and Poria - Shui run yang bai zhou,8.5,Congees
Congee with Chinese Date and Lily - Qu shi mei yan zhou,9.5,Congees
Five Red Congee with Longan and Peanuts - Bu xue wu hong zhou,8.9,Congees
Congee with Goji and Tremella - Yang yan yin er zhou,10.9,Congees
Gruel with trio of mushrooms,7.9,Congees
Winter Jasmine - Ying chun hua,7.5,Flower infusions
"Rose Buds – Gentleness, Lightness & Inner Circulation - Mei gui hua",11.9,Flower infusions
Lily Flowers - Bai he hua,7.9,Flower infusions
Lavender flowers Bio - Xun yi cao,9.9,Flower infusions
Purple rosebuds - Zi mei gui hua,11.7,Flower infusions
Organic whole cornflower blossoms,12.9,Flower infusions
Japan honeysuckle - Jin yin hua,9.9,Flower infusions
Matricaire chinese - Ye ju hua,10.9,Flower infusions
Chinese rose - Yue ji hua,11.9,Flower infusions
Camellia - Shan cha hua,9.5,Flower infusions
Apple blossoms - Ping guo hua,7.3,Flower infusions
Forget-me-not flowers - Wu wang wo,8.9,Flower infusions
Globe amaranth - Qian ri hong,8.9,Flower infusions
Sweet violet - Zi luo lan,8.9,Flower infusions
Chinese trumpet vine - Ling xiao hua,9.7,Flower infusions
Carnation - Kang xian hua,8.9,Flower infusions
Boule à thé - Lü cha qi,4.5,Flower infusions
Coreopsis tinctoria - Kun lun xue ju,13.9,Flower infusions
Peony flower - Mu dan hua,7.9,Flower infusions
Chrysanthemum Flower (Gong) - Ju hua (gong),9.9,Flower infusions
Wu yuan Royal Chrysanthemum - Wu yuan huang ju,7.9,Flower infusions
Fragrant Olive - Gui Hua,16.9,Flower infusions
Fleurs de Chrysanthème doré - Jin si ju,13.3,Flower infusions
Chinese globeflower - Jin lian hua,13.6,Flower infusions
Golden Everlasting - Qi cai ju,8.9,Flower infusions
Globe amaranth - Hong qiao mei,8.9,Flower infusions
Marigold flowers - Jin zhan ju,8.9,Flower infusions
Safflower - Hong hua,21.8,Flower infusions
Peach tree flowers - Tao hua,6.5,Flower infusions
Cockscomb - Ji guan hua,8.9,Flower infusions
Chinese chamomile buds - Ju hua (tai),8.9,Flower infusions
Chinese camomile - Ju hua (hang),11.9,Flower infusions
Jasmine Flowers – The gentle sweetness that soothes everyday life - Mo li hua,8.6,Flower infusions
Beauty Herbal Tea - San bai tang,10.9,Homemade blends
Lipid Balance Herbal Tea - Jiang zhi tang,10.9,Homemade blends
Cereal Digestion Herbal Tea - Fu zhi tang,9.9,Homemade blends
Memory and Concentration Herbal Tea - Yuan zhi chang pu san,13.8,Homemade blends
Prostate Herbal Tea - Qian lie tong tang,10.9,Homemade blends
Si shen tang,10.9,Homemade blends
Hair Beauty Herbal Tea - Wu hei tang,10.7,Homemade blends
Immune defense herbal tea - Yu ping feng tang,11.9,Homemade blends
Pulse and Life Decoction - Sheng mai yin,20.9,Homemade blends
Herbal tea to warm the body - Qu han nuan shen cha,26.7,Homemade blends
Digestive Herbal Tea - Jin qian xiao shi tang,9.9,Homemade blends
Pulse Generating Decoction - Huang qi sheng mai yin,14.99,Homemade blends
Chinese plum drink - Suan mei tang,5.9,Homemade blends
Singer's Herbal Tea - Run hou cha,14.3,Homemade blends
Sugar Balance Herbal Tea - Wu wei jiang tang tang,12.3,Homemade blends
Peaceful Night Herbal Tea - Gan mai da zao tang,9.9,Homemade blends
Preparation for mulled wine,9.8,Homemade blends
Crudités herbal tea - Nuan wei tang,9.9,Homemade blends
Post Prandial Herbal Tea - Xiao shi tang,10.9,Homemade blends
Urinary Comfort Herbal Tea - Qu mai qing xia cha,9.9,Homemade blends
Cold Snap Herbal Tea,12.9,Homemade blends
Eye Herbal Tea - Ming mu cha,11.9,Homemade blends
Joint comfort herbal tea - Bai shao zhi tong tang,11.9,Homemade blends
Difficult digestion herbal tea - Huo xiang zheng qi tang,10.9,Homemade blends
Shoulder Mobility Herbal Tea - Sang zhi sheng shi tang,10.9,Homemade blends
Nail health Herbal Bath - Hu jia fang,31.9,Homemade blends
Herbal tea for intimate cleansing - Xun xi fang,14.9,Homemade blends
Bloating herbal tea - Zhang qi tang,34.8,Homemade blends
Protein Digestion Herbal Tea - Mu gua xiao shi tang,9.9,Homemade blends
Senior Memory Herbal Tea - Huang qi bu nao tang,12.8,Homemade blends
Painful Periods Herbal Tea - Tong jing zhi tong tang,9.9,Homemade blends
Relaxation and Restorative Sleep Herbal Tea - An shen cha,12.5,Homemade blends
Opium Poppy Seeds - Graines de Pavot,9.3,Bulk plantes
Witch-Hazel - Hamamélis,9.9,Bulk plantes
Organic whole caraway seeds,6.9,Bulk plantes
Flax - Lin,9.9,Bulk plantes
Organic purple coneflower cut aerial parts,7.9,Bulk plantes
Black Radish Roots Cut Bio,8.9,Bulk plantes
Organic whole black psyllium seeds,7.9,Bulk plantes
Bearberry - Busserole,9.9,Bulk plantes
Organic whole linden bracts,17.9,Bulk plantes
Organic whole chaste tree fruits,7.9,Bulk plantes
Rosemary - Romarin,29.5,Bulk plantes
Bitter Orange flower petal - Pétales d'Oranger,9.7,Bulk plantes
Queen of the Meadow - Reine-des-Près,9.7,Bulk plantes
Yarrow - Achillée Millefeuille,9.7,Bulk plantes
Black Horehound - Marrube Noir,9.6,Bulk plantes
Chervil - Cerfeuil,8.9,Bulk plantes
Butcher's broom - Petit-Houx,9.3,Bulk plantes
Poppy Petals - Pétales de Coquelicot,6.8,Bulk plantes
Bitter orange - Feuilles d'Oranger,9.4,Bulk plantes
Comfrey,7.9,Bulk plantes
Dill - Aneth,9.3,Bulk plantes
White HoreHound - Marrube Blanc,9.6,Bulk plantes
Disposable tea filters - Yi ci xing cha bao,3.0,Bulk plantes
Papaya - Papayer,9.7,Bulk plantes
California poppy - Pavot de Californie,9.3,Bulk plantes
Organic whole cornflower blossoms,12.9,Bulk plantes
Shepherd's Purse - Bourse à pasteur,9.3,Bulk plantes
Organic whole guarana seeds,11.9,Bulk plantes
Organic whole eucalyptus leaves,7.9,Bulk plantes
Nettle Root Cut Bio,8.5,Bulk plantes
Organic whole green anise fruits,9.9,Bulk plantes
Organic whole bitter orange buds,13.9,Bulk plantes
Willow - Saule,9.6,Bulk plantes
Organic lemon verbena broken leaves,18.9,Bulk plantes
Ispaghul - Ispaghul,9.9,Bulk plantes
Chives - Ciboulette,9.9,Bulk plantes
Guava - Goyave,4.9,Bulk plantes
Hydrocotyle,9.9,Bulk plantes
Bitter Orange zest - Zeste d'Orange Amère,6.5,Bulk plantes
Hop cones - Cônes de Houblon,6.9,Bulk plantes
Artichoke leaves cut Bio,7.9,Bulk plantes
European white birch,9.7,Bulk plantes
Organic blackcurrant fruits,9.9,Bulk plantes
Quackgrass - Chiendent,9.9,Bulk plantes
Sundews - Droséras,13.9,Bulk plantes
Yellow Melilot - Mélilot,9.7,Bulk plantes
Lime Tree Sapwood Cut Bio,8.9,Bulk plantes
Lemon Balm Leaves Cut Bio,9.9,Bulk plantes
Lemongrass - Citronnelle,9.9,Bulk plantes
Cantor grass - Herbe aux Chantres,9.9,Bulk plantes
Raspberry - Fu pen zi,9.9,Bulk plantes
Boldo,9.9,Bulk plantes
Coriander leaves cut Bio,8.9,Bulk plantes
Organic Milk Thistle Whole Seeds,6.9,Bulk plantes
Passionflower Cut Bio,8.9,Bulk plantes
Roman Chamomile,9.7,Bulk plantes
Angelica Leaves Cut Bio,9.9,Bulk plantes
Marshmallow Roots Cut Bio - Racine de Guimauve,7.9,Bulk plantes
Horse chestnut - Marron d'Inde,9.9,Bulk plantes
Cherry stalks - Queues de Cerise,8.3,Bulk plantes
Red Vine - Vigne Rouge,10.9,Bulk plantes
Laurel - Laurier,4.9,Bulk plantes
Hibiscus flowers cut Bio,7.9,Bulk plantes
Pensée sauvage,9.8,Bulk plantes
Common Sage Leaves Cut Bio,7.9,Bulk plantes
Organic hawthorn flowering tops cut,7.9,Bulk plantes
Great mullein - Bouillon Blanc,9.9,Bulk plantes
Nettle leaves - Feuilles d'Ortie,9.9,Bulk plantes
Licorice sticks Bio,9.9,Bulk plantes
Ash - Frêne,9.4,Bulk plantes
Olive tree - Olivier,9.9,Bulk plantes
Ratanhia - Ratanhia,9.5,Bulk plantes
Harpagophytum,9.9,Bulk plantes
Chamomile Matricaria,7.9,Bulk plantes
Valerian Roots Cut Bio,8.9,Bulk plantes
Tea filters in steel 304 - Bu xiu gang guo lü qiu,4.5,Bulk plantes
Organic St. John’s wort cut aerial parts,9.9,Bulk plantes
Organic lady’s mantle cut aerial parts,8.9,Bulk plantes
Organic chicory root cut,6.9,Bulk plantes
Organic marshmallow leaves cut,7.9,Bulk plantes
Organic wild garlic chopped leaves,9.9,Bulk plantes
Organic heather flowers and leaves cut,8.9,Bulk plantes
Mao Yan Mei tea - Mao yan mei cha,7.6,Tea
Disposable tea filters - Yi ci xing cha bao,3.0,Tea
Pu-erh White Tea - Pu er (bai),9.8,Tea
Pu-erh Yellow tea - Pu er (huang),9.8,Tea
Boule à thé - Lü cha qi,4.5,Tea
Tisane Éveil du Printemps - Chrysanthème et baies de goji,5.0,Tea
Green tea - Lü cha,9.7,Tea
Tea filters in steel 304 - Bu xiu gang guo lü qiu,4.5,Tea
Perilla Leaves - Zi su ye,7.9,TMC Herbs
Reishi mushroom – Emperors’ Mushroom - Ling zhi,10.9,TMC Herbs
Ficus roots - Wu zhi mao tao,12.6,TMC Herbs
Licorice - Gan cao,11.9,TMC Herbs
Rock Fern - Shi wei,7.9,TMC Herbs
Spiny bamboo - Zhu ru (jiang),7.9,TMC Herbs
Small-leafed knotweed - Yuan zhi (zhi),12.9,TMC Herbs
White peony - Bai shao yao,11.5,TMC Herbs
Sautéed Water Plantain with Wheat Bran - Ze xie,10.9,TMC Herbs
Codonopsis - Dang shen,31.7,TMC Herbs
Caltrop - Ci ji li,10.8,TMC Herbs
Seeds of Thorny Water Lily - Roasted Seeds - Qian shi,9.9,TMC Herbs
Simpleleaf chastetree - Man jing zi,9.3,TMC Herbs
Chinese mugwort - Ai ye,9.4,TMC Herbs
"Rose Buds – Gentleness, Lightness & Inner Circulation - Mei gui hua",11.9,TMC Herbs
Lily Flowers - Bai he hua,7.9,TMC Herbs
Capillary wormwood - Yin chen hao,7.9,TMC Herbs
Wild Teasel Root - Xu duan,11.9,TMC Herbs
Pumpkin seeds - Nan gua zi,9.9,TMC Herbs
Galangal - Gao liang jiang,9.6,TMC Herbs
Ciliary Poppy - Xiang ru,9.9,TMC Herbs
Turmeric - Jiang huang,9.5,TMC Herbs
Lavender flowers Bio - Xun yi cao,9.9,TMC Herbs
Szechuan lovage - Chuan xiong,10.9,TMC Herbs
Indigo Root - Ban lan gen,10.9,TMC Herbs
Broad leaf plantain - Che qian zi,9.9,TMC Herbs
Rhododendron - Man shan hong,7.9,TMC Herbs
Ginseng Leaves - Ren shen ye,8.8,TMC Herbs
Mandarine peel - Chen pi,9.7,TMC Herbs
Schisandra seed - Wu wei zi,9.9,TMC Herbs
Goji berry root - Di gu pi,10.9,TMC Herbs
Black sesame - Hei zhi ma,9.9,TMC Herbs
American Ginseng root - Xi yang shen,22.3,TMC Herbs
Common Saint Paul’s root - Xi xian cao,7.5,TMC Herbs
Germinated Malt seeds - Mai ya (Sheng),8.7,TMC Herbs
Cooked Germinated Barley - Mai ya (Chao),8.7,TMC Herbs
Lotus rhizome - Ou jie,9.6,TMC Herbs
Wild Leek - Jiu cai zi,10.9,TMC Herbs
Ginger - Gan jiang,10.9,TMC Herbs
Dried astragalus roots - Huang qi (Sheng),11.9,TMC Herbs
Desmodium grass - Guang jin qian cao,7.3,TMC Herbs
Lysimachia herb - Jin qian cao,7.9,TMC Herbs
Bitter nail tea - Ku ding cha,5.3,TMC Herbs
Great yellow gentian - Long dan cao,9.8,TMC Herbs
Japan honeysuckle - Jin yin hua,9.9,TMC Herbs
Atracylode rhizome - Bai zhu (Sheng),9.7,TMC Herbs
Bitter ginseng - Ku shen,10.7,TMC Herbs
Lily bulb - Bai he,14.6,TMC Herbs
Notoginseng root - San qi,11.9,TMC Herbs
Herba eupatorii - Pei lan,6.9,TMC Herbs
Taxillus Branch - Sang ji sheng,10.8,TMC Herbs
Siberian Ginseng - Ci wu jia,9.9,TMC Herbs
Malva nut tree - Pang da hai,9.8,TMC Herbs
Racine d'iris tigré - Tigger Iris roots - She gan,29.2,TMC Herbs
Pu-erh White Tea - Pu er (bai),9.8,TMC Herbs
Atractylode rhizoma prepared - Bai zhu (Chao),9.9,TMC Herbs
Matricaire chinese - Ye ju hua,10.9,TMC Herbs
Japanese Honeysuckle Vine - Ren dong teng,9.8,TMC Herbs
Mulberry Leaves - Sang ye,8.9,TMC Herbs
Lotus seeds - Lian zi,10.7,TMC Herbs
Cat's claw - Gou teng,10.9,TMC Herbs
Fish Mint - Yu xing cao,6.9,TMC Herbs
Chinese rose - Yue ji hua,11.9,TMC Herbs
Centipeda - E bu shi cao,7.5,TMC Herbs
Yam - Shan yao,10.9,TMC Herbs
Camellia - Shan cha hua,9.5,TMC Herbs
Barbate - Ban zhi lian,4.9,TMC Herbs
Southern ginseng - Jiao gu lan,10.9,TMC Herbs
White Ox Knee root - Niu xi (Huai),9.9,TMC Herbs
Dandelion - Pu gong ying,7.9,TMC Herbs
Pu-erh Yellow tea - Pu er (huang),9.8,TMC Herbs
Japanese Thistle Cirsium - Da ji,18.9,TMC Herbs
White mustard seeds - Bai jie zi,9.6,TMC Herbs
Apple blossoms - Ping guo hua,7.3,TMC Herbs
Burdock Seeds - Niu bang zi,9.8,TMC Herbs
Chinese blackcurrant - Jue ming zi,9.4,TMC Herbs
Forget-me-not flowers - Wu wang wo,8.9,TMC Herbs
Globe amaranth - Qian ri hong,8.9,TMC Herbs
Sweet violet - Zi luo lan,8.9,TMC Herbs
Golden-bell fruits - Lian qiao,11.6,TMC Herbs
Dahurian angelica - Bai zhi,9.9,TMC Herbs
Chinese pink herbs - Qu mai,7.9,TMC Herbs
Prepared Three leaf lemon - Zhi qiao (fu chao),9.9,TMC Herbs
Star anise - Ba jiao hui xiang,11.9,TMC Herbs
Cynomorium root - Suo yang,11.5,TMC Herbs
Evening primrose seeds - Yue jian cao zi,9.7,TMC Herbs
Judas' ear - Mu er (hei),10.9,TMC Herbs
Asiatic Pennywort Herb - Ji gu cao,7.3,TMC Herbs
Millettia root and vine - Ji xue teng,27.7,TMC Herbs
Chinese trumpet vine - Ling xiao hua,9.7,TMC Herbs
Carnation - Kang xian hua,8.9,TMC Herbs
White mulberry - Sang bai pi,9.9,TMC Herbs
Stonecrop - Chui pen cao,7.4,TMC Herbs
Eleutherococcus root bark - Wu jia pi,9.9,TMC Herbs
Clematis Root - Wei ling xian,9.9,TMC Herbs
China Papyrus sedge - Xiao tong cao,9.9,TMC Herbs
Peruvian ginseng,11.9,TMC Herbs
Clove - Ding xiang,7.9,TMC Herbs
Oxyphylla seeds - Yi zhi ren,11.6,TMC Herbs
Coco-grass - Xiang fu,9.9,TMC Herbs
Chinese peony root - Mu dan pi,10.9,TMC Herbs
Morinda root - Ba ji tian,9.8,TMC Herbs
Bitter Orange - Zhi shi (fu chao),10.9,TMC Herbs
Magnolia Buds - Xin yi hua,11.7,TMC Herbs
Chrysanthemum Flower (Gong) - Ju hua (gong),9.9,TMC Herbs
White pepper - Hu jiao (bai),10.7,TMC Herbs
Hawthorn Fruit - Shan zha,11.8,TMC Herbs
Lotus sprouts - Lian zi xin,8.9,TMC Herbs
Siberian Solomon's-seal - Huang jing,11.9,TMC Herbs
Asian corydalis - Yan hu suo,9.9,TMC Herbs
Silk tree - He huan pi,9.7,TMC Herbs
Root of Rehmannia - Sheng di huang,10.9,TMC Herbs
Fragrant Olive - Gui Hua,16.9,TMC Herbs
Fleurs de Chrysanthème doré - Jin si ju,13.3,TMC Herbs
Eriocaulon buergerianum - Gu jing cao,7.3,TMC Herbs
Lycopus lucidus - Ze lan,9.3,TMC Herbs
Sophora japonica - Huai hua mi,9.8,TMC Herbs
Perilla Seeds - Zi su zi,10.9,TMC Herbs
Radix Bupleuri - Chai hu,6.3,TMC Herbs
Red sage - Dan shen,29.3,TMC Herbs
Ginseng Flowers - Ren shen hua,8.8,TMC Herbs
Pine Knot - Song jie,9.9,TMC Herbs
Chili Pepper - La jiao,8.9,TMC Herbs
Eucommia - Du zhong,9.9,TMC Herbs
Patchouli - Guang huo xiang,7.9,TMC Herbs
Purslane - Ma chi xian,7.8,TMC Herbs
Red Yeast Rice - Hong qu mi,11.7,TMC Herbs
Chinese globeflower - Jin lian hua,13.6,TMC Herbs
Rough Horsetail - Mu zei,9.4,TMC Herbs
Chinese Violet - Zi hua di ding,7.9,TMC Herbs
Golden Everlasting - Qi cai ju,8.9,TMC Herbs
Peppermint - Bo he,7.3,TMC Herbs
Purple Gromwell - Zi cao,9.7,TMC Herbs
Lophatherum leaves - Dan zhu ye,7.3,TMC Herbs
Greater Plantain - Che qian cao,7.9,TMC Herbs
Knotgrass - Bian xu,6.9,TMC Herbs
Poria cocos - Fu ling,9.9,TMC Herbs
Sacred Lotus - He ye,6.9,TMC Herbs
Globe amaranth - Hong qiao mei,8.9,TMC Herbs
Black pepper - Hu jiao (hei),9.7,TMC Herbs
Japanese Knotweed - Hu zhang,8.9,TMC Herbs
Hedyotis diffusa - Bai hua she she cao,4.9,TMC Herbs
Fern - Gu sui bu,10.9,TMC Herbs
Common brunella - Xia ku cao,7.9,TMC Herbs
Loquat Leaf - Pi pa ye,6.8,TMC Herbs
Siler - Fang feng,10.9,TMC Herbs
Garlic bulb - Xie bai,10.9,TMC Herbs
Peanut Skin - Hua sheng yi,6.8,TMC Herbs
Dried Mulberries - Sang shen zi,10.3,TMC Herbs
Rock Reed - Shi chang pu,10.6,TMC Herbs
Dried Balloon Flower Root - Jie geng,11.6,TMC Herbs
Lindera root - Wu yao,9.8,TMC Herbs
Mulberry tree stems - Sang zhi,9.7,TMC Herbs
Big Burdock - Niu bang gen,9.9,TMC Herbs
Radish seeds - Lai fu zi,9.3,TMC Herbs
Marigold flowers - Jin zhan ju,8.9,TMC Herbs
Wild privet seed - Nü zhen zi,9.3,TMC Herbs
Sappanwood - Su mu,9.9,TMC Herbs
Great burnet roots - Di yu,9.9,TMC Herbs
Kadsura Pepper stem - Hai feng teng,9.6,TMC Herbs
Turmeric tuber - Yu jin,10.9,TMC Herbs
Kelp - Kun bu,7.9,TMC Herbs
Cocklebur fruits - Cang er zi,9.6,TMC Herbs
Safflower - Hong hua,21.8,TMC Herbs
Japanese Catnip - Jing jie sui,7.9,TMC Herbs
Quince - Mu gua,9.9,TMC Herbs
Citron fruit - Xiang yuan,7.9,TMC Herbs
Cuscuta seeds - Tu si zi,9.7,TMC Herbs
Notoginseng Flowers - San qi hua,10.6,TMC Herbs
Sword-leaf Dogbane - Luo bu ma ye,10.6,TMC Herbs
China Root - Tu fu ling,10.8,TMC Herbs
Peach tree flowers - Tao hua,6.5,TMC Herbs
Saponaria seeds - Wang bu liu xing,9.3,TMC Herbs
Knotweed creeper - Ye jiao teng,9.5,TMC Herbs
Cooked Rhemannia Root - Shu di huang,10.9,TMC Herbs
Rhodiola - Hong jing tian,11.9,TMC Herbs
Bitter ginseng - Ku shen,37.9,TMC Herbs
Cogongrass root - Bai mao gen,9.8,TMC Herbs
Artemisia anomala - Liu ji nu,9.3,TMC Herbs
Wax Gourd skin - Dong gua pi,7.9,TMC Herbs
Cockscomb - Ji guan hua,8.9,TMC Herbs
Green Cardamom - Lü dou kou,12.3,TMC Herbs
Longan fruit - Long yan rou,11.9,TMC Herbs
Green tea - Lü cha,9.7,TMC Herbs
Cardamom seeds - Bai dou kou,10.9,TMC Herbs
Kudzu roots - Ge gen,9.9,TMC Herbs
Hijiki - Hai zao,7.9,TMC Herbs
Sea buckthorn Fruits - Sha ji,9.9,TMC Herbs
Fennel seeds - Xiao hui xiang,9.6,TMC Herbs
Red ginseng root - Hong shen,16.9,TMC Herbs
Star Jasmine liana - Luo shi teng,9.6,TMC Herbs
Common Evening primrose - Yue jian cao,7.9,TMC Herbs
Cinnamon bark - Rou gui,10.9,TMC Herbs
Job's Tears - Yi yi ren,9.9,TMC Herbs
Indigo leaves - Da qing ye,9.8,TMC Herbs
Chinese chamomile buds - Ju hua (tai),8.9,TMC Herbs
Motherwort Herb - Yi mu cao,9.8,TMC Herbs
Ginkgo leaves - Yin xing ye,7.9,TMC Herbs
Glutinous rice root - Nuo dao gen,6.9,TMC Herbs
Agrimony - Xian he cao,6.9,TMC Herbs
Cinnamon stem - Gui zhi,9.7,TMC Herbs
Ginseng Root - Ren shen,19.8,TMC Herbs
Fruits du Arhat - Luo han guo,9.9,TMC Herbs
Premium Black Goji Berries – The King of Anthocyanins - Hei gou qi,14.9,TMC Herbs
Chinese camomile - Ju hua (hang),11.9,TMC Herbs
Jujube fruit - Da zao,10.9,TMC Herbs
"Premium Goji Berries (Gou qi zi) – Fruit of Eternal Youth – Antioxidant, Detoxifying, and Revitalizing",11.9,TMC Herbs
Jasmine Flowers – The gentle sweetness that soothes everyday life - Mo li hua,8.6,TMC Herbs
Formule Anti-fatigue - Un trio ancestral pour nourrir l’énergie à la racine,35.9,Food supplements
Formule Jambes lourdes - Solution naturelle et draineur intense,37.9,Food supplements
Formule Ménopause - Soulage les troubles physiques et émotionnels liés à la ménopause et la péri-ménopause,37.9,Food supplements
Poudre de perle - Zhen zhu fen,35.9,Food supplements
Formule Minceur - Jian fei wan,37.9,Food supplements
Formule Calme & Détente - Stress et surmenage - An Shen Wan,39.9,Food supplements
Natural Defence Formula - Jin feng san,41.9,Food supplements
Soothed head formula - Gou teng qing kong tang,39.9,Food supplements
Men's Treasure Formula - Nan bao,42.9,Food supplements
Hair Nutrition Formula - Shou wu mei fa wan,36.9,Food supplements
Phlegm Formula - Qing fei qu tan wan,38.9,Food supplements
Menstrual Comfort Formula - Tong jing wan,37.9,Food supplements
Urinary detox Formula - Qu mai qing xia san,36.9,Food supplements
Serenity formula - Chai hu ge gen tang,37.9,Food supplements
Hot Flushes Formula - Si xian tang,37.9,Food supplements
Women's Treasure Formula - Nü bao,37.9,Food supplements
Stress and overwork formula - An Shen Wan,39.9,Food supplements
Sports Energy Formula - Jian shen wan,41.9,Food supplements
Slimming Formula - Jian fei wan,37.9,Food supplements
Heavy Meals Formula - Jin qian xiao shi wan,36.9,Food supplements
Bone Health Formula - Jian gu qu shi wan,38.9,Food supplements
Sleep Formula - An mian wan,37.9,Food supplements
Circulation Formula - Qi miao san,36.9,Food supplements
Detox Formula - Qing zhuo tang,37.9,Food supplements
Uric Acid Formula - Tong feng wan,37.9,Food supplements
Heavy legs Formula,37.9,Food supplements
Formule Prostate - Si miao qian lie wan,36.9,Food supplements
Sugar formula - Wu wei jiang tang tang,38.9,Food supplements
Cholesterol Formula - Jiang zhi wan,36.9,Food supplements
Intellectual Toning Formula - Jia wei zhi pu san,37.9,Food supplements
Mobility formula - Chai hu jian zhou wan,37.9,Food supplements
Joint comfort formula - Bai shao zhi tong san,37.9,Food supplements
Anti-Fatigue Formula – An ancestral trio to nourish energy at its root,35.9,Food supplements
Menopause Complexe - Relieves physical and emotional symptoms associated with (peri-)menopause,37.9,Food supplements
Treasure of Youth Formula - Huang qi sheng mai yin,43.9,Food supplements
Digestion Formula - Bao he xiao shi wan,37.9,Food supplements
Gastric comfort Formula - Chai hu qu suan wan,36.9,Food supplements
Chinese artemisia - Qing Hao,13.9,Plant powder
Gua lou ren,15.2,Plant powder
Bai shao yao,45.4,Plant powder
Hou po,16.2,Plant powder
Bai Zhu Sheng,43.7,Plant powder
Fu ling,16.0,Plant powder
Xiang fu,15.3,Plant powder
Mai ya sheng,15.2,Plant powder
Bo he,15.3,Plant powder
Qiang huo,19.0,Plant powder
Lian qiao,16.6,Plant powder
Rou gui,13.9,Plant powder
Ye jiao teng,15.1,Plant powder
Hong hua,16.6,Plant powder
Hai fu shi,15.2,Plant powder
Zhi mu,16.1,Plant powder
Jie geng,16.4,Plant powder
Shi chang pu,16.7,Plant powder
Zhe bei mu,16.8,Plant powder
Pu gong ying,14.8,Plant powder
Ban lan gen,16.2,Plant powder
Yi mu cao,15.2,Plant powder
Chi shao yao,43.7,Plant powder
Pei lan,15.2,Plant powder
Ge gen,41.3,Plant powder
Chuan xiong,16.3,Plant powder
Gui zhi,15.2,Plant powder
Huang qi,16.4,Plant powder
Du zhong,42.2,Plant powder
Wu wei zi,16.7,Plant powder
Jiao san xian,17.1,Plant powder
Hai piao xiao,15.7,Plant powder
Zi shi ying,15.1,Plant powder
Du huo,16.3,Plant powder
Chao bai zhu,43.7,Plant powder
